"","V1","V2","V3","V4","V5","V6","V7","V8","V9","V10"
"1",0.00089610246555532,0.000381635718264554,1.00313166671148e-05,6.28183633773835e-06,2.36522570542524e-09,2.75542050057733e-16,7.78638619934213e-19,1.83038140230344e-23,1.80306051357353e-25,3.20098532589259e-27
"2",0.00104467306625234,0.000569905024590768,2.56006677195059e-05,1.78337786967269e-05,2.06268164443551e-08,1.97225715258418e-14,1.43509624911794e-16,1.18724397304025e-20,2.26605590789254e-22,6.89707908501049e-24
"3",0.00121361318015871,0.000828818305882914,6.1366291362586e-05,4.7190143955251e-05,1.54168057384227e-07,1.03181075399871e-12,1.7778287618695e-14,4.76411839594836e-18,1.68023702521298e-19,8.43246036845232e-21
"4",0.00140475374493442,0.00117345082489941,0.000137949113313292,0.00011619671739849,9.8381352617056e-07,3.91868406972726e-11,1.47007672312408e-12,1.17138435219278e-15,7.26973962778865e-17,5.77943879464514e-18
"5",0.00161990539994314,0.00161726358558819,0.000290543293506132,0.000265979456810675,5.34811712476546e-06,1.07640262407529e-09,8.08979978960573e-11,1.75625851085205e-13,1.82471850586479e-14,2.20614022197502e-15
"6",0.00186082410767829,0.00217016670653568,0.000573175648252365,0.000565857588142162,2.47506270550785e-05,2.13768400436659e-08,2.96643930617057e-09,1.60605935454995e-11,2.65655560050663e-12,4.6880246682954e-13
"7",0.00212918957054726,0.00283680926072979,0.00105967287810776,0.00111953492793222,9.76418851591604e-05,3.0802636278213e-07,7.29349496170872e-08,9.01416907445592e-10,2.2576868924606e-10,5.58242744966697e-11
"8",0.00242663105531836,0.00361573542518372,0.00183876306556439,0.00206348342447026,0.000329618686816214,3.24841993145839e-06,1.21767697920035e-06,3.14909972479604e-08,1.13696412942792e-08,3.78460304570574e-09
"9",0.002754800742399,0.00449973382326196,0.00300267125528295,0.00355407720309466,0.000958542340015917,2.54379142713171e-05,1.40817691432192e-05,7.00661140109059e-07,3.47799627313378e-07,1.49978876717803e-07
"10",0.00311548930211418,0.00547726032641803,0.0046317436622929,0.00574506295200066,0.00242386806220937,0.000150904626936396,0.000115850395860265,1.02454404193036e-05,6.68673622114524e-06,3.60283322773601e-06
"11",0.00351074245673822,0.00653421537664811,0.00677937768197641,0.00876154656810189,0.00539023149368502,0.000694561378114521,0.000699618968764142,0.000102204255224493,8.41471732494307e-05,5.47900355324409e-05
"12",0.0039428809224701,0.00765501075782692,0.00945943531239235,0.0126751167040716,0.0106655726404594,0.00254222866676142,0.00320221685130131,0.000722782322104254,0.000722726890914371,0.000551598209068447
"13",0.00441444242280426,0.00882291744943228,0.012637063306933,0.0174826387520718,0.0189823297719152,0.00757053327221142,0.0114402373615941,0.0037544173486871,0.0044035009542363,0.0038313677345773
"14",0.00492807179533469,0.0100201208913014,0.0162238467885371,0.0230905898656289,0.0306736959860272,0.0187055305460694,0.0327133066922449,0.0147658960866534,0.0196741896204095,0.0190235500541346
"15",0.00548640386290532,0.011228075279927,0.0200797131520938,0.0293093540307879,0.045357413981095,0.0389824424919304,0.0764498224869348,0.0450932959642067,0.0662584999650082,0.0695447550845243
"16",0.00609203968525466,0.0124285514448972,0.0240250654758525,0.0358656379062556,0.061800189084131,0.0695060271060481,0.148667536616663,0.10928612056116,0.172267422899723,0.192044710211583
"17",0.00674758427790465,0.0136048267051126,0.0278611947087812,0.0424325414556007,0.0780851564384839,0.107433402626653,0.244567247872992,0.214431139203103,0.353427843319198,0.410143055456517
"18",0.00745571107214008,0.0147425207040753,0.0313935665300455,0.048669474536999,0.0920540530957652,0.145764994919348,0.345690243376738,0.347137626849136,0.584220430711534,0.692771394186629
"19",0.00821922513867308,0.0158298436410303,0.0344520101993051,0.0542609777038233,0.101847294999437,0.175683159710426,0.42606240231186,0.472070820812039,0.793631853263812,0.945385900515797
"20",0.00904106859246239,0.016857406429161,0.0369042390115893,0.0589455595347258,0.10632812040346,0.190178253507351,0.464135885693817,0.548306634815416,0.902366109361268,1.06306385144083
"21",0.00992429041290781,0.0178179638886035,0.0386630817903126,0.06253349601107,0.105266777673875,0.186765437547083,0.452391810783434,0.552189666678927,0.873132693401048,1.00279770822871
"22",0.0108720022595164,0.0187062830993213,0.0396886854377035,0.0649151130166085,0.0992735913883093,0.16790544418014,0.398880756053238,0.488742194488168,0.729806652659359,0.806453128881915
"23",0.0118873361892682,0.0195191548929081,0.0399866872726879,0.0660612372908041,0.0895510401593019,0.139330365293806,0.32132173548955,0.384885696436683,0.534161806910797,0.561096349085733
"24",0.0129734345754614,0.0202553337984836,0.0396024599381003,0.0660163472421291,0.0775664189625587,0.107534474633863,0.238650895455151,0.272741947131069,0.34667560479386,0.342357591810696
"25",0.0141334581862939,0.0209153071127728,0.0386120950002808,0.0648851508980831,0.0647451050237205,0.0777400239583343,0.16480393488055,0.175746090133567,0.201843403258887,0.185515203525237
"26",0.0153705997499465,0.0215009086298361,0.0371116708257217,0.0628149785518639,0.0522544443258715,0.0529879404076218,0.106638010575855,0.103973433259089,0.106564711603415,0.090321768790676
"27",0.016688092844174,0.0220148679442712,0.0352066718830012,0.0599772520756313,0.0409028141812256,0.0342557717323927,0.0651087076956441,0.0569734968670624,0.0515193301860765,0.0399325753403934
"28",0.0180891976971486,0.0224605139678855,0.033003434924039,0.0565515027693935,0.0311392148467666,0.0211182663991436,0.03774722730078,0.0291459776011241,0.0230106516522001,0.0161865957867396
"29",0.0195771737052917,0.0228416490438986,0.0306030015175985,0.0527131956899871,0.0231151228788468,0.0124762129736984,0.0208988801804423,0.0140204406892996,0.00957157794652942,0.00606837637420638
"30",0.021155247143804,0.0231625475871558,0.0280970722295685,0.048625228344207,0.0167708773796863,0.0070954742779,0.0111077903223034,0.00638413644594976,0.00373564804037244,0.00212125770962241
"31",0.0228265839646186,0.0234279680434605,0.0255654164486418,0.0444321758812712,0.0119200127894137,0.00390139293537936,0.00569555373296938,0.00276892858189923,0.00137761637331204,0.000696694610511353
"32",0.0245942851219116,0.0236429499748427,0.0230739501003034,0.0402559759378171,0.00831763236559659,0.00208235111505011,0.00283040919395425,0.00115063270685156,0.000483218967980081,0.000216547196372262
"33",0.0264613937825578,0.0238124512903374,0.0206737935576937,0.0361934881449072,0.00570939477207193,0.00108290686820069,0.0013689545111389,0.000460578448504257,0.000162196867177138,6.41199273276359e-05
"34",0.0284309053780646,0.0239409140326974,0.0184014913078668,0.032316220826874,0.00386188328235425,0.000550459494392343,0.00064673519238563,0.000178415122590827,5.23728221942966e-05,1.8190935732132e-05
"35",0.0305057639547088,0.0240319700489834,0.0162805573606083,0.0286725171324411,0.00257774143102642,0.000274218701061801,0.00029932074341636,6.71389606793968e-05,1.63380845011192e-05,4.96794012745218e-06
"36",0.0326888164190379,0.0240886792057307,0.0143244140201954,0.0252923346914842,0.00169989959528691,0.000134171242574637,0.000136043094456243,2.46214788182203e-05,4.94182629493745e-06,1.31117460307775e-06
"37",0.0349827447370125,0.0241141118467672,0.0125393888978714,0.0221923331738261,0.00110878110296295,6.46128020475772e-05,6.08616370443646e-05,8.8258629117576e-06,1.45427640579057e-06,3.35682988660864e-07
"38",0.0373899922837554,0.0241120803563735,0.0109270521119069,0.0193799636783953,0.000716287513172058,3.06979288612382e-05,2.68706278088259e-05,3.10302196788729e-06,4.17997189328859e-07,8.37222391371781e-08
"39",0.0399127062977305,0.0240877189654969,0.00948553992746284,0.0168558690126287,0.000459092766755739,1.44325142860767e-05,1.17470279038786e-05,1.07464076971928e-06,1.17928088357194e-07,2.04530708987344e-08
"40",0.0425527317309371,0.0240474013080903,0.00820974311493804,0.014614317795173,0.000292557461126515,6.73921543642042e-06,5.10572239331804e-06,3.68513117533304e-07,3.28545606662394e-08,4.92675929544064e-09
"41",0.0453116296680367,0.0239982972025658,0.00709141557923455,0.0126434727290665,0.000185810953746727,3.13837110142456e-06,2.21641855715733e-06,1.25862938772377e-07,9.10043986789656e-09,1.17896406543423e-09
"42",0.0481907003840838,0.0239478251750046,0.00611960945111377,0.0109262120042772,0.000117921066286248,1.46389322633586e-06,9.6559446138189e-07,4.30793318871195e-08,2.52420448702542e-09,2.82486433835073e-10
"43",0.0511909993692653,0.02390316782672,0.00528142822810668,0.00944150638035442,7.49680931146136e-05,6.86892216711449e-07,4.24173872413152e-07,1.48665964877528e-08,7.06097305984767e-10,6.83042861037445e-11
"44",0.0543133294503875,0.0238711052423286,0.00456302421713426,0.00816623303203,4.78629992442132e-05,3.25569314474131e-07,1.88748117240994e-07,5.20335106243862e-09,2.00570677826473e-10,1.67934991385639e-11
"45",0.0575582224114346,0.0238580005305319,0.00395046812671204,0.00707677346811419,3.07606226183045e-05,1.56494618562407e-07,8.54485683446119e-08,1.8575188044227e-09,5.82367601858436e-11,4.22897345390473e-12
"46",0.0609259191733621,0.0238698126413506,0.00343036690954001,0.00615017013664491,1.99456795424536e-05,7.65763725250054e-08,3.95187283725244e-08,6.79966692431588e-10,1.73931519762997e-11,1.09833422720206e-12
"47",0.0644163489957688,0.0239121269437013,0.00299026358877994,0.00536489441473049,1.30766203267968e-05,3.82799965171624e-08,1.87438411361302e-08,2.56528306454026e-10,5.37501885479451e-12,2.96125346582163e-13
"48",0.0680291078328581,0.0239901993090475,0.00261886338288729,0.00470130037796295,8.68585715196816e-06,1.96141521210912e-08,9.15027526864482e-09,1.00211474967251e-10,1.72823860545308e-12,8.33892785045421e-14
"49",0.0717634360097582,0.0241090098940023,0.00230612933683419,0.00414183907190272,5.85621764823714e-06,1.03327840477767e-08,4.61282569872962e-09,4.07117107518206e-11,5.81129389386225e-13,2.46658271859171e-14
"50",0.0756181954176429,0.0242733233495595,0.00204328572888532,0.0036711007915568,4.01478623047512e-06,5.61217803800251e-09,2.40860247378656e-09,1.72688701388123e-11,2.05317163587461e-13,7.70346347380727e-15
"51",0.0795918464566009,0.0244877527453575,0.00182276084040709,0.00327574194968225,2.80308364643196e-06,3.15073216492606e-09,1.30618253096499e-09,7.67551530664231e-12,7.65434360701539e-14,2.55226738266603e-15
"52",0.0836824249831479,0.0247568250408985,0.00163809368672524,0.00294434118594191,1.99599239720198e-06,1.83247936004677e-09,7.37436816492696e-10,3.5862253454578e-12,3.02255294605054e-14,9.00841420325247e-16
"53",0.0878875195447474,0.0250850464256757,0.00148382287154844,0.0026672181135756,1.45138980857014e-06,1.10631103251435e-09,4.34345523915374e-10,1.76632899407682e-12,1.26847193941322e-14,3.3999352155234e-16
"54",0.0922042492059113,0.0254769662726556,0.00135537027529501,0.00243623840058321,1.07893956619671e-06,6.94497716711211e-10,2.67368114747698e-10,9.19301761045247e-13,5.67403149378989e-15,1.37656727642408e-16
"55",0.0966292422892189,0.0259372387948327,0.00124892794896353,0.00224462105770845,8.2076034060935e-07,4.53991815287387e-10,1.72262370456678e-10,5.06615514466398e-13,2.71191934450077e-15,5.99544729172691e-17
"56",0.101158616369645,0.0264706817605553,0.00116135331024965,0.00208675782669266,6.39431366242167e-07,3.09401623717015e-10,1.16303308542183e-10,2.96108150413501e-13,1.38776796865344e-15,2.81532191392345e-17
"57",0.105787959871455,0.0270823318150662,0.00109007538595946,0.00195805021431948,5.10525209928699e-07,2.20037524205683e-10,8.23576519540681e-11,1.83794157858093e-13,7.61567235209259e-16,1.42790384807617e-17
"58",0.110512315623423,0.0277774960798305,0.00103301323964359,0.00185476671000275,4.17936680817128e-07,1.63404790894337e-10,6.12061169905376e-11,1.21262361108395e-13,4.48712515449433e-16,7.8328479042479e-18
"59",0.115326166730033,0.0285617997643051,0.00098850669273577,0.00177392075834045,3.50943573005609e-07,1.26770177940395e-10,4.77548658369271e-11,8.50919043387965e-14,2.8408052429547e-16,4.65142550560834e-18
"60",0.120223425113239,0.0294412295391068,0.000955258840046788,0.00171316886638047,3.02344841785929e-07,1.02764884597647e-10,3.91214380510832e-11,6.3523034957344e-14,1.93333795633966e-16,2.99166048715269e-18
"61",0.125197423071369,0.0304221723890193,0.000932289551449331,0.0016707275848171,2.67273166505876e-07,8.70450871122553e-11,3.36452703646487e-11,5.04467105894146e-14,1.41445666599153e-16,2.08420125695641e-18
"62",0.130240908188423,0.0315114496020981,0.000918899045512206,0.00164530783975379,2.42432941731051e-07,7.70234401573308e-11,3.03657569221813e-11,4.26033111971892e-14,1.11214351205269e-16,1.5723368855154e-18
"63",0.135346041908577,0.0327163454612185,0.00091464064637763,0.00163606507612692,2.25609386055781e-07,7.1171147236282e-11,2.87436116351603e-11,3.82378266742255e-14,9.39193665703374e-17,1.28367029830168e-18
"64",0.140504402066865,0.0340446300953039,0.00091930194223923,0.00164256381223567,2.15352846465746e-07,6.86328904983767e-11,2.85138425097449e-11,3.64419003836014e-14,8.51090162517303e-17,1.13303267721004e-18
"65",0.145706989638108,0.0355045758266298,0.000932893718000687,0.00166475543212678,2.10778665063978e-07,6.90207935766065e-11,2.96147210270944e-11,3.68367852620728e-14,8.26615292536912e-17,1.0798350984925e-18
"66",0.150944239932094,0.0371049662214005,0.000955646213746887,0.00170296831568587,2.1144581292417e-07,7.23189126240247e-11,3.216652135149e-11,3.94416176860725e-14,8.59226884826073e-17,1.10948041817022e-18
"67",0.156206038424249,0.0388550969239159,0.000988012450672146,0.00175790969739767,2.17292188888766e-07,7.88663255113401e-11,3.64909698808925e-11,4.46634308531812e-14,9.54234396970328e-17,1.22669490026381e-18
"68",0.161481741367665,0.0407647672318828,0.00103067855882698,0.00183067893632557,2.28614322177512e-07,8.94101445557715e-11,4.31749214004376e-11,5.33982082550854e-14,1.13010224435436e-16,1.4565060588565e-18
"69",0.166760201285032,0.0428442612608589,0.00108458123188723,0.0019227921611278,2.46086301985964e-07,1.05238560867003e-10,5.31947195951249e-11,6.72760110573972e-14,1.42424330066475e-16,1.85292403261722e-18
"70",0.172029797388008,0.0451043174567649,0.00115093262055984,0.00203621851779293,2.70818487967942e-07,1.28424702020116e-10,6.81356625400011e-11,8.91396892951335e-14,1.9057565094555e-16,2.51941579036118e-18
"71",0.177278470917598,0.047556085151144,0.00123125315642772,0.00217342848865748,3.04461964783907e-07,1.62241133760335e-10,9.05703039134081e-11,1.23943021361662e-13,2.70093370927086e-16,3.65167874000392e-18
"72",0.182493765342884,0.0502110668252198,0.00132741296993023,0.00233745496321285,3.49370670619248e-07,2.11851227929475e-10,1.24710493414414e-10,1.8043785747624e-13,4.04401084145413e-16,5.62632697054636e-18
"73",0.187662871297381,0.053081044762079,0.00144168272733346,0.00253196791781694,4.08840543703449e-07,2.85461898802328e-10,1.77539965664183e-10,2.74385640002379e-13,6.37971852045292e-16,9.18821156441717e-18
"74",0.192772676073789,0.0561779908273483,0.00157679485704899,0.00276136369233827,4.87454937590678e-07,3.96257486531801e-10,2.60801711386149e-10,4.3477305046654e-13,1.05749621596902e-15,1.58561597745174e-17
"75",0.197809817439034,0.059513958239472,0.00173601625978118,0.00303086992572598,5.91579308391853e-07,5.65671170530655e-10,3.94522117074112e-10,7.16049802699756e-13,1.83656989906911e-15,2.88253959794738e-17
"76",0.20276074147374,0.0631009543732026,0.00192323369021366,0.0033466672126121,7.30067614282417e-07,8.2896718315351e-10,6.13323290295155e-10,1.22262654977974e-12,3.3321451366352e-15,5.50277627857815e-17
"77",0.207611764084319,0.0669507938927503,0.00214305304867531,0.00371602845003791,9.15270543194903e-07,1.24484539993646e-09,9.77833877016417e-10,2.1586871323989e-12,6.29716066336694e-15,1.09954805534649e-16
"78",0.212349135782421,0.0710749318378778,0.00240091381407351,0.00414747663332267,1.16447516437613e-06,1.91209218773359e-09,1.59548487646288e-09,3.93094075742314e-12,1.23587152576925e-14,2.29220480912343e-16
"79",0.216959109276704,0.0754842766891316,0.00270321976565629,0.00465096150581324,1.50196185183017e-06,2.99863952523215e-09,2.65867341890396e-09,7.36334988240395e-12,2.51134071206953e-14,4.9690328223216e-16
"80",0.221428009376526,0.0801889839162352,0.00305748695854513,0.0052380549386591,1.96194422990066e-06,4.79256509323755e-09,4.51519734564291e-09,1.41510374458585e-11,5.26788547335314e-14,1.11645084027018e-15
"81",0.225742304666755,0.08519823106545,0.00347250961109825,0.00592216418265814,2.59277087158645e-06,7.79200481471957e-09,7.79880893108686e-09,2.78292766620325e-11,1.13727086493199e-13,2.5913748802267e-15
"82",0.229888680378658,0.0905199760558702,0.00395854410307911,0.00671876116397438,3.46292630909068e-06,1.28641983404904e-08,1.36719000234921e-08,5.58589318257954e-11,2.51939235407979e-13,6.19336137631744e-15
"83",0.233854111853888,0.096160701027454,0.00452751064314368,0.00764562476232026,4.66959063689261e-06,2.15274198795521e-08,2.42772604389837e-08,1.14143184464909e-10,5.71022048301824e-13,1.51923465939449e-14
"84",0.237625937977693,0.102125144791615,0.00519321131375866,0.00872309149463158,6.35082395075642e-06,3.64511666079083e-08,4.35789258185173e-08,2.36853861586411e-10,1.32030321010458e-12,3.81277359580465e-14
"85",0.241191933944382,0.108416027666305,0.00597156211558452,0.00997430822171756,8.702862764893e-06,6.23431690230668e-08,7.89246043911558e-08,4.97864003777617e-10,3.10540533531502e-12,9.75918003784446e-14
"86",0.244540382712082,0.115033773207564,0.00688083529298338,0.0114254784108312,1.20045862792229e-05,1.07519570233314e-07,1.4393943824882e-07,1.05752472981515e-09,7.40920863890678e-12,2.53984411691957e-13
"87",0.2476601445067,0.1219762320465,0.00794190661785084,0.013106091155434,1.66519743990017e-05,1.86675734106827e-07,2.63859419614861e-07,2.26462055259055e-09,1.7883294437089e-11,6.70066310585472e-13
"88",0.250540723744992,0.12923841368435,0.00917850044758701,0.0150491196389182,2.32063872055696e-05,3.25753714431577e-07,4.85297421773785e-07,4.87785828455215e-09,4.35501472026651e-11,1.78679392731904e-12
"89",0.253172332765162,0.136812232651635,0.0106174232801725,0.0172911731278602,3.24618024037775e-05,5.70442583090623e-07,8.93980313576622e-07,1.05444926571588e-08,1.06727368347095e-10,4.80222223250116e-12
"90",0.255545951779323,0.144686275870045,0.0122887742567503,0.0198725840293606,4.5537808480753e-05,1.00091493521893e-06,1.64664783290073e-06,2.28271129526216e-08,2.62554429923838e-10,1.29725351341234e-11
"91",0.257653384495651,0.152845598335328,0.01422611868934,0.0228374092208194,6.40072140484272e-05,1.75715280458044e-06,3.02776300652789e-06,4.93860978092725e-08,6.46801602175518e-10,3.51290701278821e-11
"92",0.25948730889805,0.161271554345584,0.01646660833601,0.0262333229806744,9.00696239976624e-05,3.08203285022058e-06,5.5490077962159e-06,1.06566681619247e-07,1.59191887800056e-09,9.51161983098525e-11
"93",0.261041322718136,0.169941671391087,0.0190510299520417,0.0301113776577174,0.000126785236242063,5.39377949404658e-06,1.01212503012009e-05,2.28913705165324e-07,3.90570336647661e-09,2.56873393912997e-10
"94",0.262309983186124,0.178829573499101,0.0220237618031185,0.0345256079989952,0.000178386348744259,9.40622432638303e-06,1.83468372965113e-05,4.88611062667541e-07,9.5318665980165e-09,6.90297843805173e-10
"95",0.263288840704644,0.187904960263426,0.0254326165440418,0.0395324560871703,0.000250687456917913,1.63255352728651e-05,3.30072657753057e-05,1.0345251471837e-06,2.30925190418197e-08,1.84174171930117e-09
"96",0.263974466150702,0.197133646982401,0.0293285483813027,0.0451899963915699,0.000351618053137264,2.81669149958395e-05,5.88603488538694e-05,2.16914323730076e-06,5.54289441339811e-08,4.8681578234332e-09
"97",0.264364471574962,0.206477670298612,0.0337652029972539,0.0515569447479306,0.000491904826821458,4.82555201663428e-05,0.000103914330667896,4.49703597943454e-06,1.31575355849952e-07,1.27221498866966e-08
"98",0.264457524134625,0.215895462470861,0.0387982905476152,0.0586914413039417,0.000685931213557358,8.20036386471296e-05,0.000181414743145307,9.20482361181835e-06,3.08339750811856e-07,3.28080273755274e-08
"99",0.264253353163991,0.225342095961429,0.044484765364988,0.0666496056719673,0.000952801241052086,0.000138091400230038,0.000312860083404544,1.85760794745686e-05,7.12179653441524e-07,8.33364455597481e-08
"100",0.263752750354524,0.234769598417863,0.0508818009628189,0.0754838726504372,0.00131763024376978,0.000230219910053128,0.000532444890845216,3.69129669100322e-05,1.61877442816224e-06,2.08153698974909e-07
"101",0.262957563085024,0.244127336397436,0.0580455555997503,0.0852411286739023,0.00181307598657845,0.000379649997190994,0.000893393665954899,7.21381497442007e-05,3.61572004290643e-06,5.10427374229918e-07
"102",0.261870681007782,0.253362464405856,0.0660297320198817,0.0959606822584505,0.00248110873019969,0.000618779144773708,0.0014766632238758,0.000138491992951017,7.92561203369476e-06,1.22698055289809e-06
"103",0.260496016061004,0.262420434027581,0.0748839448578592,0.107672115529723,0.00337499660948495,0.000996030764364405,0.00240240702730832,0.00026092008979925,1.70278808768338e-05,2.88731945922595e-06
"104",0.258838476138866,0.271245556187428,0.0846519202992967,0.12039307772999,0.00456145260210291,0.0015823149350751,0.00384435389707271,0.000481947370199319,3.58162508886818e-05,6.6427909733177e-06
"105",0.256903932706947,0.27978160797034,0.0953695644810394,0.13412709453108,0.00612285128307839,0.00247924360048942,0.00604679468755636,0.000872012650714267,7.36773972725139e-05,1.49243315430579e-05
"106",0.25469918270399,0.287972473974252,0.107062949206026,0.148861478048521,0.00815937850205909,0.00382911845668991,0.00934315015241591,0.00154430779793893,0.000148083297553179,3.27085733714058e-05
"107",0.252231905117939,0.295762810965846,0.119746275155835,0.164565430693115,0.0107909275045998,0.00582643104073362,0.0141741108239609,0.00267500028289772,0.000290547890512288,6.98598238326822e-05
"108",0.249510612666473,0.303098723669552,0.133419883110307,0.181188440443865,0.0141585049092357,0.00873020719013699,0.0211021692639185,0.00452915209506548,0.000556070176468622,0.000145281767314719
"109",0.24654459904835,0.309928438904283,0.148068391918718,0.198659064981103,0.018424865128632,0.0128759991751158,0.0308181816337803,0.00749151354472571,0.00103738317041992,0.000293948823559509
"110",0.243343882261619,0.316202965011083,0.16365904731528,0.216884196786488,0.0237740595849108,0.0186857189702991,0.0441346846385053,0.0120995597968441,0.0018852979483183,0.000578239847510231
"111",0.239919144508932,0.321876723596951,0.180140367407837,0.235748890471724,0.0304095757088352,0.0266728984509073,0.0619604285652084,0.0190736964432924,0.00333595592508492,0.00110524070088172
"112",0.236281669227,0.326908141070397,0.19744116825771,0.255116817311263,0.0385507586425274,0.0374404843911428,0.0852513629097871,0.0293367870875889,0.00574462994899963,0.00205159701195111
"113",0.232443275788507,0.331260188236763,0.215470046038892,0.274831390618469,0.0484272631002246,0.0516680903290502,0.114935438940397,0.0440126721705391,0.0096236446007349,0.00369677398668927
"114",0.228416252429636,0.334900857341488,0.23411538075396,0.294717580054853,0.060271378781811,0.0700859060866767,0.151812168082757,0.0643920803601202,0.0156789980435581,0.00646387415383858
"115",0.224213287954661,0.337803567357015,0.253245910602774,0.314584404361771,0.0743082109253354,0.0934333526029483,0.196432652791725,0.0918553598620199,0.0248366802269199,0.0109642348097516
"116",0.219847402762533,0.339947489953435,0.272711906358834,0.334228061810877,0.090743873651093,0.122402131415407,0.248971141180486,0.127745702272729,0.0382462762524215,0.018037937959201
"117",0.215331879727599,0.341317790432113,0.292346952349427,0.353435627577787,0.109752057412909,0.157565497877135,0.309104035329085,0.173194358408566,0.0572474665433246,0.0287777107945894
"118",0.21068019544914,0.34190577985679,0.311970315910439,0.371989218997695,0.131459546901877,0.19929817406982,0.375915487947195,0.228910156592853,0.0832859977360702,0.0445197416673557
"119",0.205905952362459,0.341708976645479,0.331389861777873,0.389670504998615,0.155931470948994,0.24769394587211,0.447849102654999,0.294957660639162,0.117770930283054,0.0667835460986028
"120",0.201022812177967,0.340731077907968,0.350405443167737,0.406265416492695,0.183157237068075,0.302490178411241,0.522722053710523,0.370558745518576,0.161875004423862,0.0971462285186527
"121",0.196044431084909,0.338981842777527,0.368812678678604,0.421568901402109,0.213038215640603,0.363009720246317,0.597811089828384,0.453957953933959,0.216293946010824,0.137045760919047
"122",0.190984397123658,0.33647689183077,0.386407004960165,0.435389562205074,0.245378270693234,0.428130508820755,0.670010149815058,0.542389905056536,0.280995906417032,0.187523213503813
"123",0.185856170095085,0.333237428365105,0.402987880465134,0.447554015831664,0.279878170346196,0.496291387166891,0.736048243228592,0.632175901392372,0.355005012931318,0.24893299929164
"124",0.180673024337998,0.329289888770408,0.418363006444846,0.457910825378427,0.316134744136853,0.565539224264923,0.792745887338985,0.71895759396912,0.436268701582445,0.320668632898827
"125",0.175447994667151,0.32466553045272,0.432352428209982,0.46633386989261,0.35364539144083,0.633617747789435,0.837280844854725,0.798051392715848,0.521653518339225,0.400963332986603
"126",0.170193825724251,0.319399966723382,0.444792382783631,0.472725041438321,0.391818201765855,0.698093185540332,0.867430826556522,0.864883330825079,0.607097183223966,0.486824424733206
"127",0.164922924954368,0.313532658744095,0.45553876824575,0.477016186464714,0.429987550996068,0.756506694424207,0.881762991917223,0.915445944913013,0.687918007905549,0.574144802636619
"128",0.159647319380148,0.307106375009859,0.464470124773015,0.479170239531868,0.467434622948635,0.806539490102817,0.879747204352881,0.946711043635278,0.75925158944228,0.65800477630583
"129",0.15437861630615,0.300166628971331,0.471490036801428,0.479181530011319,0.503411912302792,0.846174294309878,0.861780764147285,0.956937259323453,0.816556457321442,0.733139212661917
"130",0.149127968047297,0.292761105253065,0.476528888750978,0.477075274672902,0.537170431897377,0.873836620196098,0.829124733733498,0.945828187080049,0.856112379566522,0.794507275225213
"131",0.143906040737573,0.284939084541844,0.479544932122219,0.472906299465272,0.567988108323611,0.88850157064001,0.783763735475653,0.914522014925963,0.875432406926214,0.83787537225674
"132",0.138722987239294,0.276750876625646,0.480524648135178,0.46675706083064,0.59519772902639,0.88975589328528,0.728210256161645,0.865421295107807,0.873523615656202,0.860315932424998
"133",0.133588424139152,0.26824727029036,0.479482416098947,0.458735059392068,0.618212813963354,0.877810364794233,0.665279714739157,0.801896029900033,0.850958746136861,0.860538144683327
"134",0.128511412785184,0.259479007864827,0.476459522126387,0.448969755989122,0.636549923893735,0.853463327180039,0.597863390894044,0.727909849996846,0.809755004306129,0.838998693927225
"135",0.123500444289265,0.250496291179999,0.471522564550423,0.4376091113416,0.649846171109761,0.818021512232325,0.52872317934839,0.647625277874034,0.753089254580157,0.797782702811214
"136",0.11856342839244,0.24134832461171,0.464761330589725,0.424815875991245,0.657871041326907,0.773188441622402,0.460326091192695,0.565039978083672,0.684903582542795,0.740287074528084
"137",0.113707686065693,0.232082899743838,0.456286232834855,0.4107637568361,0.660532034219599,0.720933205363713,0.394728876168881,0.483693766833009,0.609467288797407,0.670770534551014
"138",0.108939945697107,0.222746025052088,0.446225403628744,0.395633581056448,0.657874047695968,0.663353129403993,0.333515509436605,0.406469555050895,0.530959836259956,0.593850648865948
"139",0.104266342696699,0.21338160289688,0.434721550327382,0.379609568277797,0.650072830982453,0.602542869060236,0.277783736894707,0.335494162952957,0.453126407079602,0.514026460639297
"140",0.0996924223340992,0.204031155054069,0.421928674898211,0.362875808333873,0.637423181762798,0.540480167281229,0.228172149956703,0.272130259293974,0.379037981260983,0.435289117177707
"141",0.095223145610207,0.194733597024319,0.408008757733198,0.345613025970244,0.620322838178931,0.478935392806212,0.184916647510216,0.217040539701303,0.310966353553812,0.360857881523844
"142",0.0908628979527239,0.185525060463479,0.393128498457245,0.327995696270978,0.599253201761149,0.419408556816312,0.14792452023104,0.170300322596128,0.250365707978097,0.29305203980257
"143",0.0866155005171684,0.17643876228105,0.37745619656423,0.310189556472248,0.574758116410745,0.363094276975425,0.11685535889378,0.131534526486662,0.197939161157971,0.233286219341173
"144",0.0824842238684216,0.167504918267203,0.36115884264201,0.29234954200076,0.547421924697196,0.310872476282209,0.0912000024900134,0.100058280332965,0.153762117657309,0.182161124725626
"145",0.0784718038144363,0.158750698538803,0.344399477502802,0.274618157806481,0.517847937007134,0.263320684457818,0.0703512520649033,0.0750057048423901,0.117433806763302,0.139614774965172
"146",0.0745804591620683,0.150200221639181,0.327334862440554,0.257124280922352,0.486638298147555,0.220742717494272,0.0536626134139121,0.0554372746938173,0.0882324043411156,0.105099987101256
"147",0.0708119111653058,0.141874583783195,0.310113489756734,0.239982377109869,0.454376039770593,0.183208189218205,0.0404935615030363,0.0404215515580773,0.0652556980244869,0.0777598303343237
"148",0.0671674044389852,0.133791919505235,0.292873949210986,0.223292103717583,0.421609886270786,0.150597614686043,0.0302415527516759,0.0290913153847852,0.0475364754847332,0.0565814151287068
"149",0.063647729114881,0.125967489831929,0.275743653632421,0.207138262586444,0.388842156210906,0.122648612267077,0.0223621877995523,0.0206769709886612,0.0341283176263049,0.0405173424588176
"150",0.0602532440229692,0.118413794058082,0.258837915933663,0.191591060983054,0.356519887761274,0.098999706248501,0.0163795824956568,0.0145216314763443,0.0241624627117445,0.0285717865057011
"151",0.0569839006878831,0.111140701241961,0.242259360446321,0.17670663499705,0.325029128176925,0.079229302689898,0.0118892320628536,0.0100827298071619,0.0168796146962493,0.0198536910622339
"152",0.0538392679387293,0.104155597642264,0.226097643972676,0.162527788383017,0.294692172809118,0.0628884242857878,0.00855557052753872,0.00692471054989711,0.0116421366850582,0.0136027830144863
"153",0.0508185569400721,0.0974635464858648,0.210429456265177,0.149084900206346,0.265767423208244,0.0495266560625781,0.00610615116337151,0.00470662342453015,0.00793236010626443,0.00919536401807375
"154",0.0479206464621277,0.0910674566684585,0.195318765745488,0.13639695654222,0.238451457313683,0.038711426500224,0.00432400323916526,0.00316753870730059,0.0053421868678364,0.0061366758608303
"155",0.0451441082191697,0.0849682572400458,0.180817274040245,0.124472664565462,0.212882865277868,0.0300412174708029,0.00303933057004392,0.00211181529323033,0.00355816754379561,0.00404562082690364
"156",0.0424872321169023,0.0791650748045533,0.166965042173828,0.113311611340919,0.18914739758408,0.023153576393988,0.00212135755733234,0.00139548340055138,0.00234511561250377,0.00263624305639649
"157",0.0399480512614525,0.0736554112561696,0.153791251806894,0.102905434172509,0.167283991785221,0.0177289261393716,0.00147082561470413,0.00091440283258283,0.0015302714581897,0.00169898767148188
"158",0.0375243665949679,0.0684353195778419,0.141315066524502,0.0932389742340009,0.14729128381482,0.0134911703623238,0.00101340706658168,0.000594429029332098,0.000989169239653164,0.00108355560573444
"159",0.0352137710352664,0.0634995757312468,0.129546560626179,0.0842913901478162,0.129134262793087,0.0102060122407809,0.000694133114449169,0.000383542335766958,0.000633720484949742,0.000684250843077491
"160",0.0330136730093784,0.0588418449663081,0.118487685929114,0.0760372130093731,0.112750788510893,0.00767777687434338,0.000472818919512757,0.000245739233067042,0.00040259876255751,0.000428079774248331
"161",0.0309213192832743,0.0544548411669898,0.108133250557364,0.068447328921874,0.0980577531273033,0.00574537920989311,0.000320400917513394,0.000156414229532154,0.000253753755345856,0.000265470535601521
"162",0.0289338170021474,0.0503304781236295,0.0984718873645833,0.0614898792967937,0.084956728914486,0.00427793026153402,0.000216067476929199,9.89479537244269e-05,0.000158756253091139,0.000163275879341247
"163",0.0270481548676085,0.0464600118783261,0.0894869933675299,0.0551310729165484,0.0733389990968946,0.00317033770765755,0.000145053431295163,6.22371733678394e-05,9.86360219589207e-05,9.96479500574478e-05
"164",0.0252612233895945,0.0428341735250322,0.0811576252140129,0.0493359070001482,0.0630899169612602,0.00233913997207379,9.69732659036525e-05,3.89389712728431e-05,6.08877048251509e-05,6.03776895556192e-05
"165",0.0235698341619429,0.0394432920598757,0.0734593391700577,0.0440687972501579,0.0540925784181209,0.00171871847678914,6.45803066490119e-05,2.42429288212597e-05,3.73603475934125e-05,3.6338088034147e-05
"166",0.0219707381211817,0.0362774070679955,0.0663649673052488,0.0392941190930201,0.0462308247798914,0.00125796062733426,4.28555504966997e-05,1.50252402762523e-05,2.27967119245239e-05,2.17337794161251e-05
"167",0.0204606427581092,0.0333263712007099,0.0598453244279165,0.0349766640802933,0.0393916159923729,0.000917394074343302,2.83467929375428e-05,9.27381628556191e-06,1.38388838051393e-05,1.29241081444033e-05
"168",0.0190362282612692,0.0305799425422463,0.0538698428437546,0.0310820167346645,0.0334668306416814,0.000666777722869147,1.8694669331437e-05,5.70238477405105e-06,8.36141507869167e-06,7.64463888681893e-06
"169",0.0176941625802635,0.0280278670879787,0.0484071341650395,0.0275768580438334,0.0283545587273851,0.000483113368143521,1.22962281042032e-05,3.49438697867622e-06,5.0302021931082e-06,4.49984643571333e-06
"170",0.0164311154050774,0.0256599516583574,0.0434254791884938,0.0244292023804499,0.0239599575536964,0.000349030406274923,8.06836814777743e-06,2.134777647714e-06,3.01432343664304e-06,2.63700122241951e-06
"171",0.0152437710651841,0.0234661276551688,0.0388932483005764,0.0216085749078382,0.0201957412614834,0.000251491884854409,5.28292846898882e-06,1.30061101271132e-06,1.79994634608698e-06,1.53913535304148e-06
"172",0.0141288403591111,0.0214365061311682,0.0347792559836067,0.019086136570501,0.0169823715678991,0.000180770820504492,3.45263532157045e-06,7.90490331090393e-07,1.07141044262931e-06,8.95103806050538e-07
"173",0.0130830713314055,0.0195614246920007,0.0310530538142287,0.0168347636138095,0.0142480121514119,0.000129649347182847,2.25279440887011e-06,4.79442533713128e-07,6.3596742793875e-07,5.18884527298184e-07
"174",0.0121032590195609,0.0178314867826331,0.0276851669015655,0.0148290882740816,0.0119283026346591,9.27984867609373e-05,1.46788292252746e-06,2.90268054305552e-07,3.76571484923951e-07,2.99939572334327e-07
"175",0.0111862541984112,0.0162375939304964,0.0246472790402317,0.0130455068672672,0.00996600094190406,6.63021826948053e-05,9.55345963534596e-07,1.75473598435867e-07,2.2250473663325e-07,1.72950558840841e-07
"176",0.0103289711538444,0.0147709715264239,0.0219123719899669,0.0114621610177866,0.00831053546483498,4.72950711771835e-05,6.21192215127937e-07,1.05948972821386e-07,1.31235386011254e-07,9.9515152730462e-08
"177",0.00952839452141512,0.013423188723477,0.0194548242723911,0.0100588972374605,0.00691750134428341,3.3688896796309e-05,4.03627199547557e-07,6.39104919790573e-08,7.7289060250325e-08,5.71589054602182e-08
"178",0.0087815852285743,0.0121861730245817,0.0172504747286262,0.00881720951272156,0.0057481285336245,2.39673085302965e-05,2.62127946552018e-07,3.85257875504573e-08,4.54643497321468e-08,3.2783024333695e-08
"179",0.00808568558180454,0.0110522201139663,0.0152766558385254,0.00772016900609562,0.00476874331933244,1.70329187141353e-05,1.7018078675609e-07,2.32136758004277e-08,2.67199333428249e-08,1.87811492567321e-08
"180",0.00743792354202453,0.0100139994661335,0.0135122014893108,0.00675234444081304,0.00395023972302902,1.20939744321112e-05,1.10472538304579e-07,1.39847278810577e-08,1.56939347679813e-08,1.0750673400438e-08
"181",0.00683561623315484,0.0090645562404597,0.0119374335205357,0.00589971622627453,0.00326757272274122,8.58082679935358e-06,7.17172426768928e-08,8.42523882551872e-09,9.21459474753065e-09,6.15058792301638e-09
"182",0.00627617272983531,0.00819730994085344,0.0105341309833189,0.00514958690548509,0.00269928149104355,6.08466199881297e-06,4.65686575604129e-08,5.07720446435202e-09,5.40978063494613e-09,3.51792855687197e-09
"183",0.00575709617093165,0.00740605028900661,0.00928548565035434,0.00449049006845707,0.00222704780491826,4.31276045819196e-06,3.02507979086536e-08,3.06107019421208e-09,3.1764974939276e-09,2.0121656425452e-09
"184",0.00527598524572495,0.00668493072753025,0.00817604691218053,0.0039120994807717,0.00183529236885673,3.05595780789233e-06,1.96617309734887e-08,1.84678358403323e-09,1.86588413549061e-09,1.15122102477445e-09
"185",0.00483053509956083,0.00602845993634709,0.00719165880464142,0.00340513982495219,0.00151080993160943,2.16506729277901e-06,1.27883369289751e-08,1.11515868391706e-09,1.09669400221669e-09,6.58990309531365e-10
"186",0.0044185377053019,0.00543149171283013,0.00631939154012917,0.00296130014362942,0.00124244268809319,1.53385294437177e-06,8.3248468986954e-09,6.74085864691388e-10,6.45124957364736e-10,3.77508692506066e-10
"187",0.00403788174617943,0.00488921353364744,0.00554746956611102,0.00257315080573223,0.00102079046309467,1.08677088385289e-06,5.42459958952492e-09,4.07969543587692e-10,3.79881736863588e-10,2.16471181906965e-10
"188",0.00368655205464971,0.00439713408473335,0.00486519785266942,0.00223406458809943,0.000837955500317286,7.70167777406506e-07,3.538708078263e-09,2.47255842850069e-10,2.2396676276591e-10,1.2427719108621e-10
"189",0.0033626286506274,0.00395107001538928,0.00426288781793902,0.00193814227168184,0.000687319263417567,5.45977108032221e-07,2.3113240689756e-09,1.50086050717095e-10,1.3222987023498e-10,7.14479040309873e-11
"190",0.00306428542103715,0.00354713214354586,0.00373178403741153,0.00168014299079472,0.000563348438036017,3.87214403536695e-07,1.51170332079899e-09,9.12586629468868e-11,7.81920551279946e-11,4.11413378866908e-11
"191",0.00278978848103366,0.00318171131193227,0.003263992650015,0.00145541944238163,0.000461427256838397,2.74764382379029e-07,9.90169819656062e-10,5.55916333229816e-11,4.63185562382273e-11,2.37322015438513e-11
"192",0.00253749425550204,0.00285146406930667,0.00285241216953794,0.00125985795641176,0.000377713312598446,1.95093501475446e-07,6.49583886705351e-10,3.39316103042955e-11,2.74900263663319e-11,1.3716522275188e-11
"193",0.00230584731759989,0.00255329832715782,0.0024906672330309,0.00108982334519747,0.000309014144428309,1.38623845532893e-07,4.26860176578065e-10,2.07545838316525e-11,1.63488697508882e-11,7.94452545142057e-12
"194",0.00209337801917069,0.00228435912042141,0.0021730456664569,0.000942108385485279,0.000252682053062827,9.85786797251123e-08,2.80996358583203e-10,1.27230048764542e-11,9.7443701919689e-12,4.61187467707955e-12
"195",0.00189869994585609,0.00204201458072128,0.00189443911989963,0.000813887739693388,0.000206524802062893,7.01637813233449e-08,1.85318045916657e-10,7.81771620014333e-12,5.82144441409384e-12,2.68371496181912e-12
"196",0.00172050722769566,0.00182384221245336,0.00165028741797205,0.000702676089092444,0.000168730077372661,4.9987435692869e-08,1.22453605852832e-10,4.81537407820691e-12,3.48636375525607e-12,1.56568589635527e-12
"197",0.00155757173394059,0.00162761554561162,0.00143652668341085,0.000606290229642765,0.000137801796310442,3.56498372928859e-08,8.10764651811621e-11,2.97359964429424e-12,2.09329420496984e-12,9.15880076264065e-13
"198",0.00140874017874333,0.00145129122453832,0.0012495412210223,0.000522814868540153,0.000112506570607132,2.54525942027107e-08,5.37919911384209e-11,1.84109767830396e-12,1.2602331076489e-12,5.37268176396234e-13
"199",0.00127293116233262,0.00129299657867126,0.00108611909301731,0.000450571854424023,9.1828830964168e-05,1.81932989112848e-08,3.57658068663055e-11,1.14300932823042e-12,7.60814513826901e-13,3.16090562442192e-13
"200",0.00114913217026332,0.00115101770980234,0.000943411273429394,0.000388092575119719,7.49333092943505e-05,1.30203006365431e-08,2.383262518477e-11,7.11599061508256e-13,4.60633129666084e-13,1.86528795569515e-13
"201",0.00103639655134555,0.00102378812018881,0.000818894236785235,0.000334093262292569,6.11337473631978e-05,9.33005495391638e-09,1.59166975938403e-11,4.44288452480744e-13,2.79716604342266e-13,1.10417266922154e-13
"202",0.00093384049293038,0.000909877897033762,0.00071033581294181,0.000287452951403693,4.98668562059503e-05,6.69457140120084e-09,1.06544991850396e-11,2.78206734743386e-13,1.70374018723538e-13,6.55729205921667e-14
"203",0.000840640010363852,0.000807983461235088,0.000615764124428286,0.000247193856871579,4.06706894826902e-05,4.81013016088498e-09,7.14878003284912e-12,1.74730872991245e-13,1.04098170866903e-13,3.90701552980634e-14
"204",0.000756027965622793,0.000716917881780529,0.000533439413391061,0.000212463935565884,3.31667164689756e-05,3.46102574830264e-09,4.80803472639613e-12,1.10076629825627e-13,6.38068526317908e-14,2.33578327729435e-14
"205",0.000679291128429962,0.000635601751672418,0.000461828561193585,0.000182521426065973,2.70449876578506e-05,2.49392681080367e-09,3.24157569061882e-12,6.95610079441984e-14,3.92376807710759e-14,1.40125650811733e-14
"206",0.000609767291510027,0.000563054616670617,0.000399582103794971,0.000156721165964039,2.20518791711049e-05,1.79973626812871e-09,2.19084698036451e-12,4.4096230492884e-14,2.42089472211331e-14,8.4358450452048e-15
"207",0.00054684245009898,0.000498386944359681,0.000345513549341293,0.000134502504474306,1.79799826598172e-05,1.30075137407246e-09,1.48438976157176e-12,2.80426722631705e-14,1.49867483880976e-14,5.09672177664381e-15
"208",0.000489948054362797,0.00044079261800148,0.000298580810211917,0.000115378642421285,1.46597764600458e-05,9.41569866614285e-10,1.00826567890669e-12,1.78910194754324e-14,9.3093189670309e-15,3.09049204980978e-15
"209",0.000438558342014252,0.000389541937222449,0.000257869569396979,9.89272460628073e-05,1.1952772763081e-05,6.82644931034308e-10,6.86598256052843e-13,1.14514902646237e-14,5.8026341771401e-15,1.88087203376742e-15
"210",0.000392187757143971,0.000343975105743579,0.000222578410027594,8.47821949965195e-05,9.74588570558581e-06,4.95713996982378e-10,4.68747690449471e-13,7.35379861284362e-15,3.62948416287088e-15,1.14895751569796e-15
"211",0.000350388460101859,0.000303496185013621,0.000192005546685308,7.26263374745212e-05,7.94680773141646e-06,3.6055388132907e-10,3.20841797272655e-13,4.73798872144049e-15,2.2781935993428e-15,7.04494680887156e-16
"212",0.000312747932177176,0.000267567491685348,0.000165537007421882,6.21851387322716e-05,6.48021737120305e-06,2.62675362597426e-10,2.20172635227199e-13,3.06278772814133e-15,1.43507282015356e-15,4.33604959176611e-16
"213",0.000278886677828625,0.000235704416323182,0.000142636125934827,5.32211193812288e-05,5.28467166722515e-06,1.91683627628182e-10,1.51481734171624e-13,1.9864914852071e-15,9.07203070389118e-16,2.6789536144474e-16
"214",0.000248456026307435,0.000207470640491318,0.000122834213837991,4.55289915030116e-05,4.31006167314397e-06,1.40111070979633e-10,1.04492324033993e-13,1.29273110292017e-15,5.75559438916025e-16,1.66149955625769e-16
"215",0.000221136033694755,0.000182473729399523,0.000105722293266022,3.89314098220551e-05,3.51553051281625e-06,1.02585462696996e-10,7.22665225995325e-14,8.44081889168429e-16,3.66468815945297e-16,1.03444421619359e-16
"216",0.000196633485635349,0.000160361077528944,9.0943780015281e-05,3.32752642405562e-05,2.86777102626716e-06,7.52364502040861e-11,5.01093623076323e-14,5.529904182421e-16,2.34179804856445e-16,6.46534371205519e-17
"217",0.000174680000390668,0.000140816185090249,7.81880169630595e-05,2.84284481299367e-05,2.33963461573619e-06,5.52716053324624e-11,3.4836036912561e-14,3.63502678047325e-16,1.50186262372113e-16,4.05656069468224e-17
"218",0.00015503023125108,0.000123555243741273,6.71845665466086e-05,2.42770441232585e-05,1.90899500294479e-06,4.06732093725399e-11,2.42809067335277e-14,2.39747238076853e-16,9.6667520314633e-17,2.5551040634547e-17
"219",0.000137460166835922,0.000108324010683462,5.76981795849405e-05,2.0722875790372e-05,1.55782062492454e-06,2.99811147760483e-11,1.69677592546979e-14,1.58654840879248e-16,6.24453812040321e-17,1.61563883971085e-17
"220",0.000121765527366821,9.48949510379588e-05,4.9524365663505e-05,1.76813795489288e-05,1.27141767316669e-06,2.21370439356835e-11,1.18878606742076e-14,1.05342415013836e-16,4.04844094796909e-17,1.02556771616257e-17
"221",0.00010776025462033,8.30646292505703e-05,4.24854976683791e-05,1.50797565199835e-05,1.03781261020115e-06,1.63727914870395e-11,8.3502180508087e-15,7.01776453069564e-17,2.63414741225459e-17,6.53531582526718e-18
"222",9.52750929457752e-05,7.26513311694083e-05,3.64273898551464e-05,1.28553688253868e-05,8.47248623774831e-07,1.21298396560623e-11,5.88032373967433e-15,4.69066202333301e-17,1.72009677105569e-17,4.18068477274012e-18
"223",8.41562584693806e-05,6.34928993635412e-05,3.12162950832077e-05,1.09543490946966e-05,6.91775107345747e-07,9.00147862812823e-12,4.15152407654071e-15,3.14559294240967e-17,1.12725137426666e-17,2.6847383057872e-18
"224",7.42641933915637e-05,5.54447651901246e-05,2.67362725577704e-05,9.33039574777173e-06,5.64913058653712e-07,6.69107135645404e-12,2.93839114032903e-15,2.11639214286196e-17,7.41373658790224e-18,1.73070885682162e-18
"225",6.54724021167935e-05,4.8378162059242e-05,2.28868826249245e-05,7.94372999022063e-06,4.61382409389233e-07,4.981915615003e-12,2.08496828322633e-15,1.42858559070507e-17,4.89321523623055e-18,1.11996955657641e-18
"226",5.76663658304596e-05,4.21785052806305e-05,1.95811698889929e-05,6.7601934443883e-06,3.76879858057977e-07,3.71544839199347e-12,1.48309335073849e-15,9.67438290138453e-18,3.2410336987913e-18,7.27511812193637e-19
"227",5.07425320505778e-05,3.67439247949295e-05,1.67439001947435e-05,5.75046797678407e-06,3.07897874250609e-07,2.77545972283264e-12,1.05756590368577e-15,6.57259232562984e-18,2.1542451406983e-18,4.74368580594965e-19
"228",4.46073756302475e-05,3.19839379885376e-05,1.4310020872636e-05,4.88940161044891e-06,2.51577258036611e-07,2.07664166777232e-12,7.55973239404114e-16,4.47955913235627e-18,1.43687307552952e-18,3.10472546109091e-19
"229",3.91765276657367e-05,2.78182506596988e-05,1.22233171138694e-05,4.15542646045193e-06,2.05587041105412e-07,1.5562691784474e-12,5.41695168405166e-16,3.06271790908853e-18,9.61705030514872e-19,2.03962501367541e-19
"230",3.43739687713843e-05,2.41756750399863e-05,1.04352404544825e-05,3.53005643277833e-06,1.68026662752507e-07,1.16814691629007e-12,3.89082808483431e-16,2.10057964982555e-18,6.45882065569383e-19,1.34488392762316e-19
"231",3.01312832128669e-05,2.09931545769682e-05,8.90388813435337e-06,2.9974540089154e-06,1.37346290151365e-07,8.78197961263851e-13,2.80127749484996e-16,1.44516809540995e-18,4.35250525809004e-19,8.90047687146206e-20
"232",2.63869704416231e-05,1.82148859483701e-05,7.59311458623429e-06,2.54405682530765e-06,1.1228191665187e-07,6.61244018561882e-13,2.02155342171443e-16,9.97311062419205e-19,2.94297300891781e-19,5.91182528714383e-20
"233",2.30858106424204e-05,1.5791529504001e-05,6.47175852910303e-06,2.15825597098736e-06,9.18024954066096e-08,4.98651597302574e-13,1.46223392344283e-16,6.90337382010738e-19,1.99654737241707e-19,3.94089473164849e-20
"234",2.01782809904386e-05,1.36795000184503e-05,5.51297111471223e-06,1.8301189882822e-06,7.5066874145408e-08,3.76608537556995e-13,1.06007881476384e-16,4.79286848532962e-19,1.35895211578935e-19,2.63643690631039e-20
"235",1.76200194113396e-05,1.18403302849316e-05,4.69363233013619e-06,1.55115148865045e-06,6.138871146528e-08,2.84860081932678e-13,7.70257367023352e-17,3.33747005578707e-19,9.27991748073702e-20,1.76999870210306e-20
"236",1.53713327452069e-05,1.02401006887507e-05,3.9938444142757e-06,1.31409210445229e-06,5.0207892826978e-08,2.15780490099491e-13,5.60914090630956e-17,2.33083160415095e-19,6.3574532133234e-20,1.19246220517474e-20
"237",1.33967463308955e-05,8.84892846853912e-06,3.39649242317841e-06,1.1127362022782e-06,4.10672396786553e-08,1.63690036389055e-13,4.09360251073786e-17,1.63252390646129e-19,4.3692257394745e-20,8.06148265180807e-21
"238",1.16645921492888e-05,7.64051090546235e-06,2.88686329624755e-06,9.41784397040922e-07,3.35935293044217e-08,1.24351736708701e-13,2.99398461303809e-17,1.14669101376848e-19,3.01224796800212e-20,5.46846995022032e-21
"239",1.01466327904339e-05,6.59171717618556e-06,2.45231584988396e-06,7.96712439673292e-07,2.74820255526258e-08,9.45999230266485e-14,2.19438837481758e-17,8.07707628290438e-20,2.08316711871616e-20,3.72202105780745e-21
"240",8.81771863901303e-06,5.68222406593308e-06,2.08199507242667e-06,6.73659515007307e-07,2.24838692427974e-08,7.20656913182698e-14,1.61169429033476e-17,5.70512608848045e-20,1.44506199415268e-20,2.54176232292054e-21
"241",7.65547580368011e-06,4.89419116491794e-06,1.76658492837094e-06,5.69332389030484e-07,1.83957980643151e-08,5.49736375785298e-14,1.18615668456809e-17,4.04074701271639e-20,1.00544719297447e-20,1.7414650822247e-21
"242",6.64002244722516e-06,4.21197156628712e-06,1.49809461337163e-06,4.80923193983291e-07,1.50517642907711e-08,4.19911359379494e-14,8.74734872829617e-18,2.8696254091736e-20,7.01654919104273e-21,1.19701211220111e-21
"243",5.7537113052688e-06,3.6218544482356e-06,1.26967384594293e-06,4.06038942537324e-07,1.23160988228643e-08,3.21164028238752e-14,6.46353920544523e-18,2.04332489284793e-20,4.91088985321373e-21,8.25403160658167e-22
"244",4.98089631029788e-06,3.11183625870019e-06,1.07545334722442e-06,3.42641124560076e-07,1.00779353445545e-08,2.4595237162992e-14,4.78529056741667e-18,1.45874579758253e-20,3.44706625405549e-21,5.70948672413491e-22
"245",4.30772136452992e-06,2.67141752970641e-06,9.10407155838641e-07,2.88993966979723e-07,8.2466615062061e-09,1.88589947987342e-14,3.54955970820763e-18,1.0440778743032e-20,2.42645443544551e-21,3.96160002123572e-22
"246",3.72192942869211e-06,2.29142263172764e-06,7.70233858952744e-07,2.43620133641982e-07,6.74820729574627e-09,1.44783108546979e-14,2.6378678998181e-18,7.49166208844126e-21,1.71280432252469e-21,2.75718434496288e-22
"247",3.21269021374709e-06,1.96384003789701e-06,6.51254200422885e-07,2.05262811805236e-07,5.52201596282547e-09,1.11285192209312e-14,1.96393908845609e-18,5.38885203533531e-21,1.21237309160694e-21,1.92469260134998e-22
"248",2.77044487844981e-06,1.68168090519925e-06,5.50322858851425e-07,1.72853278573655e-07,4.51857151966841e-09,8.56377361790118e-15,1.46481688126473e-18,3.88568665250142e-21,8.60473321038617e-22,1.34752216014244e-22
"249",2.3867662470264e-06,1.43885399640927e-06,4.64752478299801e-07,1.4548316719316e-07,3.69738017479438e-09,6.59765167189812e-15,1.09446750511627e-18,2.80849248563873e-21,6.12337161069644e-22,9.46167045353054e-23
"250",2.05423316795702e-06,1.23005516401097e-06,3.92248287377895e-07,1.223807624007e-07,3.02532205364815e-09,5.08859637925774e-15,8.19163179306157e-19,2.03466623458377e-21,4.36893200096276e-22,6.66247094871051e-23
"251",1.76631773661979e-06,1.05066979701954e-06,3.3085186298754e-07,1.02890748246351e-07,2.4753050302614e-09,3.92897246611954e-15,6.14143341486591e-19,1.47743331254256e-21,3.12514870394216e-22,4.70453352892365e-23
"252",1.51728420130517e-06,8.96686794939611e-07,2.78892787167068e-07,8.64569130378902e-08,2.02516509366347e-09,3.036828114854e-15,4.61194982867245e-19,1.07522094924427e-21,2.24107302727075e-22,3.33111444603724e-23
"253",1.30209846375657e-06,7.64622781243078e-07,2.34947112756369e-07,7.2607386030685e-08,1.65676793527125e-09,2.34968435659554e-15,3.46895458849164e-19,7.84229108746077e-22,1.61105501747028e-22,2.36500586135395e-23
"254",1.11634717193804e-06,6.5145540300025e-07,1.97801699125759e-07,6.09420407439052e-08,1.35527480427446e-09,1.81984641636899e-15,2.61333796689028e-19,5.73223360168318e-22,1.16094823031689e-22,1.68353614916368e-23
"255",9.56165484197271e-07,5.54564684750601e-07,1.66423605703968e-07,5.11217516422998e-08,1.10854249026747e-09,1.41085907915102e-15,1.97178329415314e-19,4.19875711866678e-22,8.38576146857933e-23,1.20153952795175e-23
"256",8.181726604611e-07,4.71681514439066e-07,1.39933840923984e-07,4.28592355348745e-08,9.06632844025739e-10,1.09482322558669e-15,1.48995505706472e-19,3.08186675131237e-22,6.07125347500417e-23,8.59719712206861e-24
"257",6.99414707672375e-07,4.00842438255673e-07,1.17584859589411e-07,3.59112473997778e-08,7.41411772376769e-10,8.50361538068405e-16,1.12751235003629e-19,2.26664497603223e-22,4.40554337705146e-23,6.16675538534869e-24
"258",5.97313373489025e-07,3.40350030439581e-07,9.87412844120355e-08,3.00719333122001e-08,6.06221332193848e-10,6.61074253097365e-16,8.54451496774219e-20,1.67035982489257e-22,3.20394405466572e-23,4.43420122378672e-24
"259",5.09620844468876e-07,2.88738184395812e-07,8.28633992047405e-08,2.5167171471531e-08,4.95611556577759e-10,5.14365352668493e-16,6.4841844278353e-20,1.23331456834421e-22,2.33514470865032e-23,3.19602939576845e-24
"260",4.34379562733753e-07,2.44741743634355e-07,6.94930233639658e-08,2.10497566418641e-08,4.05121099583291e-10,4.00549163630295e-16,4.9273007401738e-20,9.12337333982101e-23,1.70555317395502e-23,2.30898293512876e-24
"261",3.69886628627708e-07,2.07269955811868e-07,5.82414310859498e-08,1.75953041911858e-08,3.3109778706177e-10,3.12169501792395e-16,3.74914771875618e-20,6.76137989035952e-23,1.24829876665869e-23,1.67194978633853e-24
"262",3.14662306353335e-07,1.75383291221527e-07,4.87790253225421e-08,1.46987678204579e-08,2.70551793988374e-10,2.43480136342927e-16,2.85633990219105e-20,5.01988960074843e-23,9.15488578978255e-24,1.21337856299602e-24
"263",2.67422195190194e-07,1.48273219066599e-07,4.08265167470278e-08,1.22714804289273e-08,2.21035501124955e-10,1.9004785651958e-16,2.17883952618038e-20,3.73346998085378e-23,6.72740881641237e-24,8.82506891015732e-25
"264",2.27052670875686e-07,1.25244581345326e-07,3.4147392798278e-08,1.02386407239272e-08,1.80545171492824e-10,1.48448835868766e-16,1.66403667384924e-20,2.78145263890262e-23,4.95316388578297e-24,6.43230767660977e-25
"265",1.92589240269755e-07,1.05700245701195e-07,2.85414919276539e-08,8.53717946093631e-09,1.47440475088661e-10,1.16036084576239e-16,1.27235177769285e-20,2.07564051358967e-23,3.65373598859801e-24,4.69808381078229e-25
"266",1.63197487736421e-07,8.91277556377441e-08,2.38395241173259e-08,7.1139488581047e-09,1.20378615365149e-10,9.0761135450138e-17,9.73963419395432e-21,1.55144060347647e-23,2.7001689268102e-24,3.4384158941646e-25
"267",1.38156323961739e-07,7.50877295060731e-08,1.98984011210584e-08,5.92418699803517e-09,9.82604032222794e-11,7.10371564051536e-17,7.46369393181007e-21,1.16145376783063e-23,1.99905095367032e-24,2.52149626071657e-25
"268",1.16843277388941e-07,6.32037890504262e-08,1.65972591764211e-08,4.93021610519494e-09,8.01861080570031e-11,5.56337452063282e-17,5.72565853240978e-21,8.70830869382802e-24,1.48257249086661e-24,1.85267504384205e-25
"269",9.87215952812796e-08,5.31538244115601e-08,1.3834073566225e-08,4.10033963951879e-09,6.54193107289622e-11,4.35959832554654e-17,4.3968571304902e-21,6.53901481840136e-24,1.10140562681918e-24,1.36382940016216e-25
"270",8.3328945809445e-08,4.46624256743427e-08,1.15227787276338e-08,3.40790832136544e-09,5.33573063700555e-11,3.41820863301298e-17,3.37978851231546e-21,4.91721391850315e-24,8.19592948907971e-25,1.00581880633928e-25
"271",7.02675346837887e-08,3.74943316096215e-08,9.59081993318072e-09,2.8305296254117e-09,4.35068690493815e-11,2.68153281966591e-17,2.60047131661218e-21,3.7028487706698e-24,6.10870505001667e-25,7.43117622945249e-26
"272",5.91954698843014e-08,3.1448764475938e-08,7.97707317027398e-09,2.3493990589052e-09,3.54644062109185e-11,2.10469308552922e-17,2.0026969271433e-21,2.79218972064926e-24,4.56016691060943e-25,5.49987538044327e-26
"273",4.98192261480274e-08,2.63545358643767e-08,6.63007896075974e-09,1.94873476564183e-09,2.88997073557792e-11,1.65273904262687e-17,1.5437053569984e-21,2.10827909654546e-24,3.40936701341738e-25,4.07741739574599e-26
"274",4.18870772096888e-08,2.20658228144469e-08,5.50654369356252e-09,1.61529975040873e-09,2.35426358393023e-11,1.29842988916911e-17,1.19092702464968e-21,1.59392485233054e-24,2.55275525037361e-25,3.02784939529913e-26
"275",3.51833785038683e-08,1.84585260038214e-08,4.57006876821306e-09,1.33799836764205e-09,1.91722307736433e-11,1.0205173309774e-17,9.19524158306237e-22,1.20655369135616e-24,1.91411562159993e-25,2.252060631816e-26
"276",2.95235962642884e-08,1.54271329032164e-08,3.79007361830952e-09,1.1075357212271e-09,1.56077826684859e-11,8.02414918965069e-18,7.10532979817576e-22,9.1442318549046e-25,1.43724919141371e-25,1.67765529747671e-26
"277",2.47499908269141e-08,1.28820185540475e-08,3.14088363379142e-09,9.16130329800001e-10,1.27015255226238e-11,6.31165881136947e-18,5.49457933371189e-22,6.93829010302948e-25,1.08064348137553e-25,1.25164903313585e-26
"278",2.07278725797396e-08,1.07471252187895e-08,2.60095824382349e-09,7.57271866628633e-10,1.03326527997673e-11,4.9664176343757e-18,4.25206537745224e-22,5.27042215179122e-25,8.13581389449356e-26,9.35190596178039e-27
"279",1.73423585155972e-08,8.95796970474226e-09,2.15223805686426e-09,6.25517021977716e-10,8.40241769787516e-12,3.90919716732264e-18,3.29281267620025e-22,4.00783046749024e-25,6.13295418880022e-26,6.99739159169418e-27
"280",1.44955658395609e-08,7.45993378990008e-09,1.77959306641199e-09,5.16317590334921e-10,6.83012148959166e-12,3.0779818820049e-18,2.55165653810468e-22,3.05089835477191e-25,4.62882470232044e-26,5.24290133378092e-27
"281",1.21041866560226e-08,6.20679899106966e-09,1.47035659359742e-09,4.25875782004812e-10,5.54982921908429e-12,2.42419940340569e-18,1.97857340423641e-22,2.32479282374026e-25,3.4977309908835e-26,3.93357868497955e-27
"282",1.0097394501329e-08,5.15949200413059e-09,1.21393191468597e-09,3.51022521469829e-10,4.50768111579983e-12,1.90978374422397e-18,1.53512485602114e-22,1.77322057389364e-25,2.64605766558525e-26,2.9550583822683e-27
"283",8.41503947794625e-09,4.28501159902909e-09,1.00146046737734e-09,2.89115143346106e-10,3.65969189638079e-12,1.50488569713049e-18,1.19174632650892e-22,1.35377760017708e-25,2.0039746205666e-26,2.22273657489345e-27
"284",7.0060940605595e-09,3.55551164301949e-09,8.25542191615753e-10,2.37951447610468e-10,2.96994962696263e-12,1.18608641128876e-18,9.2567745709335e-23,1.03448028365504e-25,1.5193161101255e-26,1.67392309205759e-27
"285",5.82731635216647e-09,2.94751832199352e-09,6.79999979068065e-10,1.95697543511842e-10,2.40914179124708e-12,9.35002538548212e-19,7.19380459849197e-23,7.91173848938085e-26,1.15305573417766e-26,1.26209102095723e-27
"286",4.84210173182057e-09,2.4412625908935e-09,5.59681415311743e-10,1.60827308519057e-10,1.95334929377471e-12,7.37196341616882e-19,5.59330084205793e-23,6.05593395561659e-26,8.75955663492508e-27,9.52655443969894e-28
"287",4.01949751244255e-09,2.02011146314431e-09,4.60292030149821e-10,1.32071625353655e-10,1.58305984634991e-12,5.81323501053812e-19,4.35086886255889e-23,4.63911066966681e-26,6.6608135223229e-27,7.19869198609874e-28
"288",3.33335846899311e-09,1.67008399252759e-09,3.7825515008108e-10,1.0837584559199e-10,1.28236096648597e-12,4.58466336329948e-19,3.38586730926096e-23,3.55645925593076e-26,5.06955255247083e-27,5.44536112112408e-28
"289",2.7616239513837e-09,1.37943975042821e-09,3.10594194951148e-10,8.88641701732069e-11,1.03828001070018e-12,3.61611764870697e-19,2.63595521357406e-23,2.72844848490359e-26,3.86183121239489e-27,4.12323575943361e-28
"290",2.285699805408e-09,1.13832929352141e-09,2.54833897185582e-10,7.28098419584205e-11,8.4024455940456e-13,2.85242328178221e-19,2.05290319725628e-23,2.09466231584744e-26,2.94430350050399e-27,3.12515312704713e-28
"291",1.88993052715847e-09,9.38497584082771e-10,2.08917463061734e-10,5.96102188305896e-11,6.79641299068408e-13,2.25015605999471e-19,1.59937255193227e-23,1.6091567638935e-26,2.24658076887333e-27,2.37088009654194e-28
"292",1.56114900647787e-09,7.73032595675754e-10,1.71137155172777e-10,4.87659424519299e-11,5.49455503651691e-13,1.7751277284591e-19,1.24643625870219e-23,1.236957301584e-26,1.71552259686874e-27,1.80026638786237e-28
"293",1.2882929041274e-09,6.36152436114915e-10,1.40076165550138e-10,3.98635417549562e-11,4.4397645872828e-13,1.40041277018993e-19,9.71669331178995e-24,9.51413332131678e-27,1.31096406201783e-27,1.36815979381082e-28
"294",1.06207818344403e-09,5.23025269369316e-10,1.145599800783e-10,3.25609149752137e-11,3.58556827306417e-13,1.10479911680933e-19,7.57676454781566e-24,7.32197581825373e-27,1.00251362353783e-27,1.04062427898192e-28
"295",8.74721605316451e-10,4.2961713784884e-10,9.36157156294126e-11,2.65752224693786e-11,2.89416131935325e-13,8.71571100377357e-20,5.9095583297829e-24,5.63791405444309e-27,7.67150145690194e-28,7.92122980047638e-29
"296",7.19705117661384e-10,3.52563493297588e-10,7.6438149256628e-11,2.16727971911752e-11,2.33480309910338e-13,6.87552945327204e-20,4.61021759152873e-24,4.34336666509365e-27,5.87417273647917e-28,6.03416917895042e-29
"297",5.91576047149899e-10,2.89060853199557e-10,6.23613602221083e-11,1.76607426369991e-11,1.88250758295315e-13,5.42356687176568e-20,3.59726467600332e-24,3.34764505170956e-27,4.50064947031173e-28,4.59995392416533e-29
"298",4.85777849445127e-10,2.367755232076e-10,5.08350760663313e-11,1.43799411205535e-11,1.51697481254649e-13,4.27790575584768e-20,2.80735609396334e-24,2.58133501500197e-27,3.45026063700839e-28,3.50901935252691e-29
"299",3.98506910416034e-10,1.93766776023025e-10,4.14049580177722e-11,1.16992399175952e-11,1.22171931526314e-13,3.37393529198842e-20,2.19122257746862e-24,1.99126378963966e-27,2.64644685716806e-28,2.67854973009867e-29
"300",3.26591528657055e-10,1.58422263318197e-10,3.36961827777455e-11,9.51062043332393e-12,9.83359398631559e-14,2.66068645559208e-20,1.71052439296353e-24,1.53666880742193e-27,2.0309327946847e-28,2.04588374402422e-29
"301",2.67389761531534e-10,1.29403768367019e-10,2.73997804857244e-11,7.72518718378923e-12,7.91037829485486e-14,2.09794587310574e-20,1.33541395337107e-24,1.18627837492273e-27,1.55932193080411e-28,1.56356278808993e-29
